floor_id,encounter_index,enemy_ids,weight
ruins_f1,1,slime|slime,1
ruins_f1,2,slime|bat,1
ruins_f1,3,bat|bat,1
ruins_f2,1,wolf|wolf,1
ruins_f2,2,poison_slime|poison_slime,1
ruins_f2,3,wolf|bat|bat,1
ruins_f3,1,stone_guard|bat,1
ruins_f3,2,cave_mage|wolf,1
ruins_f3,3,stone_guard|poison_slime,1
depths_f1,1,crystal_bat|crystal_bat,1
depths_f1,2,red_wolf|red_wolf,1
depths_f1,3,crystal_bat|red_wolf,1
depths_f2,1,iron_guard|crystal_bat,1
depths_f2,2,frost_mage|red_wolf,1
depths_f2,3,frost_mage|frost_mage,1
depths_f3,1,shade|sentinel,1
depths_f3,2,shade|shade,1
depths_f3,3,sentinel|frost_mage,1
