enemy_id,kind,key,multiplier
slime,element,fire,1.5
bat,element,lightning,1.5
wolf,element,fire,1.5
poison_slime,element,fire,1.5
stone_guard,element,lightning,1.5
stone_guard,element,physical,0.5
cave_mage,element,ice,1.5
cave_mage,element,fire,0.5
crystal_bat,element,lightning,1.5
red_wolf,element,ice,1.5
red_wolf,element,fire,0.5
iron_guard,element,lightning,1.5
iron_guard,element,physical,0.5
frost_mage,element,fire,1.5
frost_mage,element,ice,0.5
shade,element,fire,1.5
sentinel,element,ice,1.5
gatekeeper,element,lightning,1.5
gatekeeper,status,poison,0.25
gatekeeper,status,paralysis,0.5
gatekeeper,status,sleep,0.0
labyrinth_lord,status,poison,0.25
labyrinth_lord,status,paralysis,0.25
labyrinth_lord,status,sleep,0.0
