id,name,slot,category,allowed_jobs,attack,defense,bonus_hp,bonus_sp,bonus_str,bonus_vit,bonus_tec,bonus_agi,bonus_luc,buy_price,sell_price,shop_tier
sword_1,古びた剣,weapon,sword,warrior,3,0,0,0,0,0,0,0,0,20,1,A
spear_1,古びた槍,weapon,spear,knight,3,0,0,0,0,0,0,0,0,20,1,A
staff_1,木の杖,weapon,staff,mage|priest,1,0,0,0,0,0,0,0,0,20,1,A
dagger_1,古びた短剣,weapon,dagger,scout,2,0,0,0,0,0,0,0,0,20,1,A
sword_2,鉄の剣,weapon,sword,warrior,8,0,0,0,0,0,0,0,0,160,80,B
spear_2,鉄の槍,weapon,spear,knight,8,0,0,0,0,0,0,0,0,160,80,B
staff_2,術師の杖,weapon,staff,mage|priest,3,0,0,0,0,0,3,0,0,160,80,B
dagger_2,鉄の短剣,weapon,dagger,scout,6,0,0,0,0,0,0,0,0,160,80,B
sword_3,鋼の剣,weapon,sword,warrior,16,0,0,0,0,0,0,0,0,480,240,C
spear_3,鋼の槍,weapon,spear,knight,16,0,0,0,0,0,0,0,0,480,240,C
staff_3,賢者の杖,weapon,staff,mage|priest,5,0,0,0,0,0,7,0,0,480,240,C
dagger_3,鋼の短剣,weapon,dagger,scout,12,0,0,0,0,0,0,0,0,480,240,C
cloth,布の服,armor,armor,warrior|knight|mage|priest|scout,0,2,0,0,0,0,0,0,0,15,1,A
leather,革鎧,armor,armor,warrior|knight|scout,0,6,0,0,0,0,0,0,0,100,50,B
robe,術師の衣,armor,armor,mage|priest,0,4,0,0,0,0,2,0,0,100,50,B
mail,鎖帷子,armor,armor,warrior|knight,0,12,0,0,0,0,0,0,0,350,175,C
shadow_coat,影の外套,armor,armor,scout,0,8,0,0,0,0,0,3,0,350,175,C
sage_robe,賢者の衣,armor,armor,mage|priest,0,7,0,0,0,0,4,0,0,350,175,C
vitality_ring,活力の指輪,accessory,accessory,warrior|knight|mage|priest|scout,0,0,15,0,0,0,0,0,0,120,60,A
speed_charm,俊敏のお守り,accessory,accessory,warrior|knight|mage|priest|scout,0,0,0,0,0,0,0,4,0,180,90,B
guard_charm,守りのお守り,accessory,accessory,warrior|knight|mage|priest|scout,0,0,0,0,0,4,0,0,0,240,120,C
