event_id,floor_id,cell_x,cell_y,kind,link_floor_id,link_cell_x,link_cell_y,link_facing,enemy_id,warp_id,unlock_from_x,unlock_from_y,text_id
ruins_f1_entry,ruins_f1,3,3,town_exit,,,,,,,,,
ruins_f1_exit,ruins_f1,26,27,stairs,ruins_f2,3,3,1,,,,,
ruins_f1_shortcut,ruins_f1,10,6,shortcut,,,,,,,0,1,
ruins_f1_door,ruins_f1,16,15,door,,,,,,,,,
ruins_f1_chest_a,ruins_f1,18,14,chest,,,,,,,,,
ruins_f1_chest_b,ruins_f1,8,22,chest,,,,,,,,,
ruins_f1_inscription,ruins_f1,5,4,inscription,,,,,,,,,insc_ruins_f1
ruins_f2_entry,ruins_f2,3,3,stairs,ruins_f1,26,27,3,,,,,
ruins_f2_exit,ruins_f2,26,27,stairs,ruins_f3,3,3,1,,,,,
ruins_f2_shortcut,ruins_f2,10,6,shortcut,,,,,,,0,1,
ruins_f2_door,ruins_f2,16,15,door,,,,,,,,,
ruins_f2_chest_a,ruins_f2,18,14,chest,,,,,,,,,
ruins_f2_chest_b,ruins_f2,8,22,chest,,,,,,,,,
ruins_f2_inscription,ruins_f2,5,4,inscription,,,,,,,,,insc_ruins_f2
ruins_f3_entry,ruins_f3,3,3,stairs,ruins_f2,26,27,3,,,,,
ruins_f3_exit,ruins_f3,26,27,link,depths_f1,3,3,1,,,,,
ruins_f3_shortcut,ruins_f3,10,6,shortcut,,,,,,,0,1,
ruins_f3_door,ruins_f3,16,15,door,,,,,,,,,
ruins_f3_chest_a,ruins_f3,18,14,chest,,,,,,,,,
ruins_f3_chest_b,ruins_f3,8,22,chest,,,,,,,,,
ruins_f3_inscription,ruins_f3,5,4,inscription,,,,,,,,,insc_ruins_f3
ruins_f3_boss,ruins_f3,22,27,boss,,,,,gatekeeper,,,,
depths_f1_entry,depths_f1,3,3,link,ruins_f3,26,27,3,,,,,
depths_f1_exit,depths_f1,26,27,stairs,depths_f2,3,3,1,,,,,
depths_f1_shortcut,depths_f1,10,6,shortcut,,,,,,,0,1,
depths_f1_door,depths_f1,16,15,door,,,,,,,,,
depths_f1_chest_a,depths_f1,18,14,chest,,,,,,,,,
depths_f1_chest_b,depths_f1,8,22,chest,,,,,,,,,
depths_f1_inscription,depths_f1,5,4,inscription,,,,,,,,,insc_depths_f1
warp_depths,depths_f1,4,3,warp,,,,1,,warp_depths,,,
depths_f2_entry,depths_f2,3,3,stairs,depths_f1,26,27,3,,,,,
depths_f2_exit,depths_f2,26,27,stairs,depths_f3,3,3,1,,,,,
depths_f2_shortcut,depths_f2,10,6,shortcut,,,,,,,0,1,
depths_f2_door,depths_f2,16,15,door,,,,,,,,,
depths_f2_chest_a,depths_f2,18,14,chest,,,,,,,,,
depths_f2_chest_b,depths_f2,8,22,chest,,,,,,,,,
depths_f2_inscription,depths_f2,5,4,inscription,,,,,,,,,insc_depths_f2
depths_f3_entry,depths_f3,3,3,stairs,depths_f2,26,27,3,,,,,
depths_f3_shortcut,depths_f3,10,6,shortcut,,,,,,,0,1,
depths_f3_door,depths_f3,16,15,door,,,,,,,,,
depths_f3_chest_a,depths_f3,18,14,chest,,,,,,,,,
depths_f3_chest_b,depths_f3,8,22,chest,,,,,,,,,
depths_f3_inscription,depths_f3,5,4,inscription,,,,,,,,,insc_depths_f3
depths_f3_boss,depths_f3,22,27,boss,,,,,labyrinth_lord,,,,
