id,name,job_id,required_level,learn_cost,sp_cost,target,contexts,always_hit,priority
power_slash,強撃,warrior,1,0,3,LIVING_ENEMY,battle,false,0
sweep,なぎ払い,warrior,3,100,6,ALL_LIVING_ENEMIES,battle,false,0
armor_break,破甲撃,warrior,5,240,6,LIVING_ENEMY,battle,false,0
heavy_slash,豪撃,warrior,8,500,8,LIVING_ENEMY,battle,false,0
finishing_slash,一刀両断,warrior,12,900,12,LIVING_ENEMY,battle,false,0
cover,かばう,knight,1,0,3,OTHER_LIVING_ALLY,battle,true,100
shield_bash,盾打ち,knight,3,100,4,LIVING_ENEMY,battle,false,0
iron_thrust,鉄槍,knight,5,240,5,LIVING_ENEMY,battle,false,0
piercing_thrust,貫通槍,knight,8,500,8,LIVING_ENEMY,battle,false,0
grand_thrust,聖堂の槍,knight,12,900,11,LIVING_ENEMY,battle,false,0
fire,火球,mage,1,0,4,LIVING_ENEMY,battle,true,0
ice,氷槍,mage,3,100,5,LIVING_ENEMY,battle,true,0
lightning,雷撃,mage,5,240,6,LIVING_ENEMY,battle,true,0
fire_storm,炎嵐,mage,8,500,10,ALL_LIVING_ENEMIES,battle,true,0
thunder_storm,雷嵐,mage,12,900,14,ALL_LIVING_ENEMIES,battle,true,0
heal,癒やし,priest,1,0,3,LIVING_ALLY,battle|town|exploration,true,0
cure,解毒,priest,3,100,2,LIVING_ALLY,battle|town|exploration,true,0
revive,蘇生,priest,5,240,8,DEAD_ALLY,battle|town|exploration,true,0
group_heal,大いなる癒やし,priest,8,500,10,ALL_LIVING_ALLIES,battle|town|exploration,true,0
greater_revive,大蘇生,priest,12,900,14,DEAD_ALLY,battle|town|exploration,true,0
venom_edge,毒刃,scout,1,0,3,LIVING_ENEMY,battle,false,0
sleep_dust,眠り粉,scout,3,100,4,LIVING_ENEMY,battle,true,0
silent_steps,忍び足,scout,5,240,5,PARTY,exploration,true,0
precise_strike,急所突き,scout,8,500,7,LIVING_ENEMY,battle,true,0
lightning_edge,雷刃,scout,12,900,11,LIVING_ENEMY,battle,false,0
