skill_id,order,kind,damage_model,element,power,multiplier,defense_ratio,status_id,status_chance,restore_ratio,restore_flat,duration_steps,requires_previous_hit
power_slash,1,DAMAGE,PHYSICAL,physical,0,1.5,1.0,,0,0,0,0,false
sweep,1,DAMAGE,PHYSICAL,physical,0,0.8,1.0,,0,0,0,0,false
armor_break,1,DAMAGE,PHYSICAL,physical,0,1.3,0.5,,0,0,0,0,false
heavy_slash,1,DAMAGE,PHYSICAL,physical,0,2.0,1.0,,0,0,0,0,false
finishing_slash,1,DAMAGE,PHYSICAL,physical,0,2.7,1.0,,0,0,0,0,false
cover,1,COVER,NONE,none,0,0.7,1.0,,0,0,0,0,false
shield_bash,1,DAMAGE,PHYSICAL,physical,0,1.1,1.0,,0,0,0,0,false
shield_bash,2,APPLY_STATUS,NONE,none,0,1.0,1.0,paralysis,0.45,0,0,0,true
iron_thrust,1,DAMAGE,PHYSICAL,physical,0,1.6,1.0,,0,0,0,0,false
piercing_thrust,1,DAMAGE,PHYSICAL,physical,0,1.8,0.5,,0,0,0,0,false
grand_thrust,1,DAMAGE,PHYSICAL,physical,0,2.5,1.0,,0,0,0,0,false
fire,1,DAMAGE,MAGICAL,fire,14,1.0,1.0,,0,0,0,0,false
ice,1,DAMAGE,MAGICAL,ice,22,1.0,1.0,,0,0,0,0,false
lightning,1,DAMAGE,MAGICAL,lightning,32,1.0,1.0,,0,0,0,0,false
fire_storm,1,DAMAGE,MAGICAL,fire,28,1.0,1.0,,0,0,0,0,false
thunder_storm,1,DAMAGE,MAGICAL,lightning,48,1.0,1.0,,0,0,0,0,false
heal,1,HEAL,NONE,none,18,1.0,1.0,,0,0,0,0,false
cure,1,CURE_POISON,NONE,none,0,1.0,1.0,,0,0,0,0,false
revive,1,REVIVE,NONE,none,0,1.0,1.0,,0,0.25,0,0,false
group_heal,1,HEAL,NONE,none,24,1.0,1.0,,0,0,0,0,false
greater_revive,1,REVIVE,NONE,none,0,1.0,1.0,,0,0.75,0,0,false
venom_edge,1,DAMAGE,PHYSICAL,physical,0,1.0,1.0,,0,0,0,0,false
venom_edge,2,APPLY_STATUS,NONE,none,0,1.0,1.0,poison,0.65,0,0,0,true
sleep_dust,1,APPLY_STATUS,NONE,none,0,1.0,1.0,sleep,0.75,0,0,0,false
silent_steps,1,SUPPRESS_ENCOUNTERS,NONE,none,0,1.0,1.0,,0,0,0,20,false
precise_strike,1,DAMAGE,PHYSICAL,physical,0,1.9,1.0,,0,0,0,0,false
lightning_edge,1,DAMAGE,PHYSICAL,lightning,0,2.4,1.0,,0,0,0,0,false
