id,text
intro,街の外れに眠る遺跡で、奥へ続く道が見つかった。ギルドに仲間を登録し、迷宮の最深部を目指そう。
boss_gatekeeper_pre,石の門番が道をふさいでいる。
boss_gatekeeper_first,門番は崩れ落ちた。奥には水晶に覆われた迷宮が続いている。
boss_gatekeeper_repeat,門番を倒した。
boss_labyrinth_lord_pre,迷宮の主が姿を現した。
ending,迷宮の主を倒し、街に静けさが戻った。あなたたちの踏査は、ギルドの記録に刻まれる。
clear_notice,クリアしました。街でセーブすると記録されます。
insc_ruins_f1,帰還の糸を忘れるな
insc_ruins_f2,近道は反対側から開く
insc_ruins_f3,雷は石を砕く
insc_depths_f1,魔法陣は街につながる
insc_depths_f2,氷の術師は火に弱い
insc_depths_f3,力をためた敵には防御を
town_need_register,ギルドで冒険者を登録してください。
unsaved_warning,未保存の進行は失われます。
game_over,全滅した…
rescue_confirm,所持金{gold}Gをすべて渡して、登録者全員を回復します。
save_done,保存しました。
save_failed,保存に失敗しました。
save_slot_empty,空
save_slot_unreadable,読込不可
save_backup_available,バックアップから再開可能
save_incompatible,開発版のためセーブ形式が変わりました。
boot_error,データの読込に失敗したため、ゲームを開始できません。
error_no_gold,所持金が足りません。
error_no_space,所持品の空きが足りません。
error_invalid_target,その対象は選べません。
error_party_empty,パーティを0人にはできません。
error_no_living_member,生存しているパーティメンバーがいません。
error_already_learned,すでに習得しています。
error_locked,まだ利用できません。
error_invalid_save,このセーブデータは読み込めません。
